--Se insertan usuarios
INSERT INTO "usuario" VALUES (100,'dignissim@Integer.net','Gay','Vasquez','Morrison','tempor',585796984,'In mi pede, nonummy ut, molestie');
INSERT INTO "usuario" VALUES (101,'vel@Sed.net','Tobias','Maldonado','Vang','Donec',286671997,'Phasellus libero mauris, aliquam eu, accumsan sed, facilisis vitae, orci. Phasellus dapibus quam');
INSERT INTO "usuario" VALUES (102,'tellus.justo.sit@sem.edu','Nevada','Hammond','Gonzalez','dolor',294506303,'mauris id sapien. Cras dolor dolor, tempus non, lacinia at, iaculis quis, pede. Praesent');
INSERT INTO "usuario" VALUES (103,'purus@enimSed.ca','Cally','Marsh','Haynes','Nulla',281572934,'semper pretium neque. Morbi quis');
INSERT INTO "usuario" VALUES (104,'accumsan.sed@massalobortisultrices.net','Leslie','Bryant','Hill','nisl.',480613264,'ultrices. Duis volutpat nunc sit');
INSERT INTO "usuario" VALUES (105,'tellus.non.magna@nisi.net','Alfreda','Ellis','Lamb','sed',319861559,'amet ornare lectus justo eu arcu. Morbi sit amet massa. Quisque porttitor');
INSERT INTO "usuario" VALUES (106,'Donec.vitae@senectus.edu','Stacey','Bright','Neal','Proin',363843151,'tincidunt dui augue eu tellus. Phasellus elit pede, malesuada vel, venenatis vel,');
INSERT INTO "usuario" VALUES (107,'velit@velit.org','Alisa','Macdonald','Clark','Aliquam',98407907,'quis, tristique');
INSERT INTO "usuario" VALUES (108,'quam@Craslorem.com','Solomon','Stevenson','Cherry','Nam',457814386,'Fusce feugiat. Lorem ipsum dolor sit amet, consectetuer adipiscing elit. Aliquam auctor, velit');
INSERT INTO "usuario" VALUES (109,'amet.consectetuer@enimconsequatpurus.co.uk','Philip','Pierce','Osborn','sed,',312638874,'et, rutrum eu, ultrices sit amet, risus. Donec nibh enim, gravida sit amet,');
INSERT INTO "usuario" VALUES (110,'mauris.ipsum.porta@etultrices.org','Demetria','Whitehead','Lee','dui',34840677,'nisi dictum augue');
INSERT INTO "usuario" VALUES (111,'sed@luctuset.com','Kyle','Willis','Aguirre','adipiscing',73724318,'Donec fringilla. Donec feugiat metus sit amet ante.');
INSERT INTO "usuario" VALUES (112,'orci.Donec.nibh@quisarcu.org','Vincent','Bauer','Solomon','eu,',29895603,'neque sed sem');
INSERT INTO "usuario" VALUES (113,'ligula.consectetuer.rhoncus@tempordiam.com','Forrest','Gonzales','Patel','sodales',309635541,'nec, diam. Duis');
INSERT INTO "usuario" VALUES (114,'eget@non.co.uk','Ann','Witt','Beard','malesuada',126566709,'nulla at');
INSERT INTO "usuario" VALUES (115,'ac@iaculisquis.co.uk','Alfreda','Oconnor','Hamilton','Donec',512816407,'ullamcorper viverra. Maecenas iaculis aliquet diam.');
INSERT INTO "usuario" VALUES (116,'massa.Vestibulum.accumsan@Nuncsollicitudincommodo.net','Charissa','Moses','Stokes','vitae',305262159,'Vivamus non lorem vitae odio sagittis semper. Nam tempor diam');
INSERT INTO "usuario" VALUES (117,'Maecenas.libero.est@Sed.org','Brenda','Burke','Duffy','non',381816651,'lacus pede sagittis augue, eu');
INSERT INTO "usuario" VALUES (118,'ut.nulla.Cras@nislQuisque.ca','Hermione','Mcgowan','Weaver','Suspendisse',389409500,'neque. In ornare sagittis felis. Donec tempor, est ac mattis');
INSERT INTO "usuario" VALUES (119,'augue.porttitor@mus.org','Callum','Richmond','Torres','massa.',274050314,'nulla ante, iaculis nec,');
INSERT INTO "usuario" VALUES (120,'Phasellus@tempuslorem.ca','Chadwick','Newman','Todd','fringilla',463111995,'lorem lorem, luctus ut, pellentesque eget, dictum placerat, augue. Sed');
INSERT INTO "usuario" VALUES (121,'egestas@nasceturridiculus.net','Ivana','Cooper','Blair','Ut',116546424,'convallis in, cursus et, eros. Proin ultrices. Duis volutpat nunc sit amet metus.');
INSERT INTO "usuario" VALUES (122,'dis.parturient.montes@felisadipiscing.edu','Jonas','Macdonald','Shaffer','nec',195810840,'Cras dictum ultricies ligula. Nullam enim. Sed nulla ante, iaculis nec, eleifend non, dapibus rutrum,');
INSERT INTO "usuario" VALUES (123,'euismod.mauris.eu@nequevitaesemper.edu','Jaime','Talley','Hull','dapibus',534887015,'a odio semper cursus. Integer mollis. Integer tincidunt aliquam');
INSERT INTO "usuario" VALUES (124,'lacinia.orci.consectetuer@Phasellus.edu','Solomon','Frost','Larson','pede.',276425669,'Ut sagittis lobortis mauris. Suspendisse aliquet molestie tellus. Aenean egestas');
INSERT INTO "usuario" VALUES (125,'mus@euodio.edu','Chandler','Kerr','York','nibh',413167696,'non, cursus non, egestas a, dui.');
INSERT INTO "usuario" VALUES (126,'Vivamus.non@mollis.edu','Gail','Jenkins','Hinton','iaculis',547303487,'cursus. Nunc mauris elit, dictum eu, eleifend nec, malesuada');
INSERT INTO "usuario" VALUES (127,'placerat.augue.Sed@facilisisnonbibendum.net','Marny','Bennett','Randall','ullamcorper.',168344101,'Aliquam erat volutpat. Nulla facilisis. Suspendisse commodo tincidunt');
INSERT INTO "usuario" VALUES (128,'mus@Uttinciduntvehicula.ca','Shay','Kramer','Horn','Sed',347855944,'non');
INSERT INTO "usuario" VALUES (129,'Nulla@estconguea.co.uk','Willow','Herring','Glass','ante',122378809,'nunc ac');
INSERT INTO "usuario" VALUES (130,'augue@sociisnatoquepenatibus.com','Kane','Briggs','Atkins','fames',632233129,'Maecenas mi');
INSERT INTO "usuario" VALUES (131,'faucibus.ut@vitae.net','Howard','Morrow','Hansen','et',446576467,'a, magna. Lorem ipsum dolor sit amet, consectetuer adipiscing');
INSERT INTO "usuario" VALUES (132,'Cum@purusmauris.co.uk','John','Stokes','Barrett','sed',375612248,'Fusce feugiat. Lorem ipsum');
INSERT INTO "usuario" VALUES (133,'lobortis.ultrices.Vivamus@doloregestas.co.uk','Barbara','Edwards','Arnold','at,',359003387,'magna. Lorem ipsum dolor sit amet, consectetuer adipiscing elit. Etiam');
INSERT INTO "usuario" VALUES (134,'justo.nec@lobortis.com','Sheila','Beach','Yang','lorem,',504664658,'lorem fringilla ornare placerat, orci lacus vestibulum lorem, sit amet');
INSERT INTO "usuario" VALUES (135,'Aliquam@Cum.com','Dorian','Buckley','Ball','mattis',537820886,'Donec est. Nunc ullamcorper, velit');
INSERT INTO "usuario" VALUES (136,'Cras.interdum@eu.com','Aaron','Roach','Alford','faucibus',459038248,'in sodales elit erat vitae risus. Duis a mi fringilla');
INSERT INTO "usuario" VALUES (137,'vel@euismodestarcu.edu','Zenia','Evans','Levine','gravida',49613770,'dignissim pharetra. Nam ac nulla. In tincidunt congue turpis. In');
INSERT INTO "usuario" VALUES (138,'magna.a.tortor@lacus.net','Phillip','Meyers','Freeman','porttitor',351149308,'penatibus et magnis dis parturient');
INSERT INTO "usuario" VALUES (139,'dui@eu.org','Fulton','Lloyd','Kline','lorem,',412906794,'ultrices, mauris ipsum porta elit, a feugiat tellus lorem eu metus. In lorem.');
INSERT INTO "usuario" VALUES (140,'posuere.at@elit.co.uk','Rudyard','Vang','Mckee','sodales',510072601,'non, luctus sit amet, faucibus ut, nulla. Cras eu tellus eu');
INSERT INTO "usuario" VALUES (141,'nunc@faucibusorci.com','Adele','Castillo','Barry','vel',548404627,'molestie tortor nibh sit amet orci. Ut sagittis');
INSERT INTO "usuario" VALUES (142,'ut@lobortistellusjusto.ca','Otto','Pate','Hooper','et',27144496,'ipsum non arcu. Vivamus sit amet risus. Donec egestas. Aliquam nec enim.');
INSERT INTO "usuario" VALUES (143,'egestas.lacinia@bibendumfermentummetus.com','Darryl','Barber','Duran','fermentum',444415519,'non, luctus sit amet, faucibus ut, nulla.');
INSERT INTO "usuario" VALUES (144,'condimentum@nec.org','Adrian','Jarvis','Johnston','tempus',158410161,'In tincidunt congue turpis. In condimentum. Donec at arcu. Vestibulum ante ipsum primis in faucibus');
INSERT INTO "usuario" VALUES (145,'ridiculus@Morbisitamet.co.uk','Lane','Oconnor','Warren','Nunc',41442115,'ipsum primis in faucibus orci luctus et ultrices posuere');
INSERT INTO "usuario" VALUES (146,'eu@ac.net','TaShya','Cooley','Shannon','ullamcorper.',201552475,'ultrices. Duis volutpat nunc sit amet metus. Aliquam erat volutpat. Nulla facilisis.');
INSERT INTO "usuario" VALUES (147,'et@nisiMauris.org','Henry','Santana','Mcfarland','Duis',632470746,'at pede. Cras vulputate velit eu');
INSERT INTO "usuario" VALUES (148,'amet.dapibus@urnaNuncquis.co.uk','Miriam','Kirk','Duncan','urna',649334073,'libero. Morbi accumsan laoreet ipsum. Curabitur consequat, lectus sit amet luctus vulputate, nisi sem semper');
INSERT INTO "usuario" VALUES (149,'cursus.in@egestas.org','Keelie','Lynch','Shelton','turpis.',188973169,'Nullam feugiat placerat velit. Quisque varius. Nam porttitor scelerisque neque. Nullam nisl. Maecenas');


--Se insertan materias
INSERT INTO "materia" VALUES (1,'Español',1);
INSERT INTO "materia" VALUES (2,'Español',2);
INSERT INTO "materia" VALUES (3,'Español',3);
INSERT INTO "materia" VALUES (4,'Español',4);
INSERT INTO "materia" VALUES (5,'Matemáticas',1);
INSERT INTO "materia" VALUES (6,'Matemáticas',2);
INSERT INTO "materia" VALUES (7,'Matemáticas',3);
INSERT INTO "materia" VALUES (8,'Matemáticas',4);
INSERT INTO "materia" VALUES (9,'Geografía',1);
INSERT INTO "materia" VALUES (10,'Geografía',2);
INSERT INTO "materia" VALUES (11,'Geografía',3);
INSERT INTO "materia" VALUES (12,'Geografía',4);
INSERT INTO "materia" VALUES (13,'Literatura',1);
INSERT INTO "materia" VALUES (14,'Literatura',2);
INSERT INTO "materia" VALUES (15,'Literatura',3);
INSERT INTO "materia" VALUES (16,'Literatura',4);
INSERT INTO "materia" VALUES (17,'Física',1);
INSERT INTO "materia" VALUES (18,'Física',2);
INSERT INTO "materia" VALUES (19,'Física',3);
INSERT INTO "materia" VALUES (20,'Física',4);


--insertamos quienes van a hacer alumnos
INSERT INTO "alumno" VALUES (100,'18-02-97');
INSERT INTO "alumno" VALUES (101,'15-06-95');
INSERT INTO "alumno" VALUES (102,'15-08-95');
INSERT INTO "alumno" VALUES (103,'01-09-96');
INSERT INTO "alumno" VALUES (104,'26-01-97');
INSERT INTO "alumno" VALUES (105,'27-03-96');
INSERT INTO "alumno" VALUES (106,'24-05-96');
INSERT INTO "alumno" VALUES (107,'10-10-96');
INSERT INTO "alumno" VALUES (108,'18-09-96');
INSERT INTO "alumno" VALUES (109,'15-02-96');
INSERT INTO "alumno" VALUES (110,'05-12-96');
INSERT INTO "alumno" VALUES (111,'01-05-97');
INSERT INTO "alumno" VALUES (112,'21-03-96');
INSERT INTO "alumno" VALUES (113,'05-03-97');
INSERT INTO "alumno" VALUES (114,'22-02-96');
INSERT INTO "alumno" VALUES (115,'11-05-96');
INSERT INTO "alumno" VALUES (116,'18-02-96');
INSERT INTO "alumno" VALUES (117,'30-10-95');
INSERT INTO "alumno" VALUES (118,'28-01-96');
INSERT INTO "alumno" VALUES (119,'06-04-97');
INSERT INTO "alumno" VALUES (120,'22-03-97');
INSERT INTO "alumno" VALUES (121,'28-09-95');
INSERT INTO "alumno" VALUES (122,'09-12-96');
INSERT INTO "alumno" VALUES (123,'25-04-97');
INSERT INTO "alumno" VALUES (124,'02-01-96');
INSERT INTO "alumno" VALUES (125,'15-04-96');
INSERT INTO "alumno" VALUES (126,'08-04-96');
INSERT INTO "alumno" VALUES (127,'15-09-95');
INSERT INTO "alumno" VALUES (128,'20-08-96');
INSERT INTO "alumno" VALUES (129,'22-07-95');

--Insertamos tutores
INSERT INTO "tutor"  VALUES (130,'Licenciatura');
INSERT INTO "tutor"  VALUES (131,'Licenciatura');
INSERT INTO "tutor"  VALUES (132,'Licenciatura');
INSERT INTO "tutor"  VALUES (133,'Licenciatura');
INSERT INTO "tutor"  VALUES (134,'Maestría');
INSERT INTO "tutor"  VALUES (135,'Maestría');
INSERT INTO "tutor"  VALUES (136,'Maestría');
INSERT INTO "tutor"  VALUES (137,'Maestría');
INSERT INTO "tutor"  VALUES (138,'Posgrado');
INSERT INTO "tutor"  VALUES (139,'Posgrado');
INSERT INTO "tutor"  VALUES (140,'Posgrado');
INSERT INTO "tutor"  VALUES (141,'Posgrado');
INSERT INTO "tutor"  VALUES (142,'Bachillerato');
INSERT INTO "tutor"  VALUES (143,'Bachillerato');
INSERT INTO "tutor"  VALUES (144,'Bachillerato');
INSERT INTO "tutor"  VALUES (145,'Bachillerato');
INSERT INTO "tutor"  VALUES (146,'Licenciatura');
INSERT INTO "tutor"  VALUES (147,'Licenciatura');
INSERT INTO "tutor"  VALUES (148,'Licenciatura');
INSERT INTO "tutor"  VALUES (149,'Licenciatura');

--Insertamos que tutor tiene que materia
INSERT INTO "tutor_materia" (id_usuario,id_materia) VALUES (130,9);
INSERT INTO "tutor_materia" (id_usuario,id_materia) VALUES (131,12);
INSERT INTO "tutor_materia" (id_usuario,id_materia) VALUES (132,19);
INSERT INTO "tutor_materia" (id_usuario,id_materia) VALUES (133,16);
INSERT INTO "tutor_materia" (id_usuario,id_materia) VALUES (134,11);
INSERT INTO "tutor_materia" (id_usuario,id_materia) VALUES (135,3);
INSERT INTO "tutor_materia" (id_usuario,id_materia) VALUES (136,2);
INSERT INTO "tutor_materia" (id_usuario,id_materia) VALUES (137,2);
INSERT INTO "tutor_materia" (id_usuario,id_materia) VALUES (138,13);
INSERT INTO "tutor_materia" (id_usuario,id_materia) VALUES (139,9);
INSERT INTO "tutor_materia" (id_usuario,id_materia) VALUES (140,2);
INSERT INTO "tutor_materia" (id_usuario,id_materia) VALUES (141,1);
INSERT INTO "tutor_materia" (id_usuario,id_materia) VALUES (142,6);
INSERT INTO "tutor_materia" (id_usuario,id_materia) VALUES (143,18);
INSERT INTO "tutor_materia" (id_usuario,id_materia) VALUES (144,4);
INSERT INTO "tutor_materia" (id_usuario,id_materia) VALUES (145,2);
INSERT INTO "tutor_materia" (id_usuario,id_materia) VALUES (146,1);
INSERT INTO "tutor_materia" (id_usuario,id_materia) VALUES (147,8);
INSERT INTO "tutor_materia" (id_usuario,id_materia) VALUES (148,17);
INSERT INTO "tutor_materia" (id_usuario,id_materia) VALUES (149,9);
